Doti,Sherebrooke
Lizzy,Drinkwater
Wes,Bolver
Faber,McClinton
Gianna,Ranscomb
Zara,Grier
Jolie,Ilyenko
Isador,Chellam
Loydie,Gaither
Valentia,Loveless
Gwenore,Skipper
Lizette,Defrain
Hunt,Sparke
Zorana,Rival
Coleen,Fri
Frances,Catt
Brittan,Wye
Margery,O'Dowgaine
Jonis,Athelstan
Abe,Litherborough
Nomi,Kettoe
Easter,Aymer
Heloise,Huckster
Giorgio,Yoell
Kiley,Winspur
Noelle,Zuann
Sarena,Ubank
Sib,Fawckner
Robbyn,Savory
Shaylynn,Tuftin
Romola,Castles
Burk,Pluvier
Alonzo,McCloch
Adams,Heaton
Glenna,McCarron
Teresita,Oley
Marne,Scoines
Angela,Leimster
Nowell,Soule
Jeremie,Wincom
Kyle,Marnane
Derrek,Hearnshaw
Amelita,Hodgen
Torie,Neylan
Mada,Waything
Giacomo,Witherup
Charlotta,Calton
Byrle,Glenwright
Cary,Rowell
Dru,De L'Isle
Cayla,McGlue
Audrye,Marskell
Ulrich,Paddle
Hyacinthia,Yushin
Hillyer,Waker
Lenee,Petrussi
Peri,Davis
Pennie,Maddaford
Theodora,Wrighton
Aubine,Savill
Carmel,Ashe
Bernardo,Nutten
Doralin,Guice
Berton,Eastope
Reiko,Coniff
Kirby,Hammersley
Lottie,Walstow
Bell,Nipper
Omar,Brouard
Engelbert,Lafee
Donia,Jouhandeau
Daniele,Maria
Orsola,Jarret
Stavros,Ricardot
Carrissa,Larkkem
Vinny,Baelde
Laureen,Esilmon
Perice,Hubbert
Clovis,Livoir
Pepita,Snelman
Morty,Fagg
Sheff,Beaby
Aline,Rebanks
Thornie,Elesander
Rebbecca,Shortland
Delmore,Downton
Elihu,Wash
Pepita,Stowe
Dale,Balnave
Ailene,Bernaert
Ev,Copsey
Cristal,Pritchitt
Alvie,Ghirardi
Esme,Crocombe
Lorilyn,Berney
Ransom,Hatherley
Shir,Brambley
Shae,Machans
Corey,Kingsford
Lyndell,Libero
Milly,Paulley
Welsh,Kissack
Orlan,Lorenz
Chaim,Everix
Gay,Izatt
Judye,Shower
Cahra,Zoanetti
Arin,Colthard
Arleta,Gammet
Guglielmo,Bonas
Davina,Saleway
Locke,Frier
Gwenny,Bullion
Wrennie,Hubbock
Vinson,Ballinghall
Anatole,Wash
Lynsey,Ambrogio
Udale,Silkston
Dugald,Brinkworth
Alexis,Sweatman
Calli,Kibbey
Richart,MacCaughey
Iris,Westmancoat
Viki,Cashen
Sonja,Weymont
Nelie,Whorton
Breena,Barns
Allsun,Thick
Derrik,Sulman
Aleen,Patullo
Harman,Duddan
Sancho,Feldklein
Lynnet,Atling
Brigida,Gordon
Coletta,Dreamer
Yettie,Tillyer
Forbes,Himsworth
Danie,Questier
Mari,Guilbert
Jock,Lockley
Magnum,Venmore
Catina,Vannozzii
Lemmie,Melley
Fabe,Friatt
Jeremy,Blinkhorn
Star,Bucksey
Minnaminnie,Tiesman
Lavinia,Losemann
Chev,Lethby
Denys,Edess
Reginald,Sphinxe
Nicolle,Tether
Towny,Beazer
Sissy,Fewless
Dana,Braban
Helsa,Stinton
Mallissa,Bareford
Verne,Hardaker
Mavis,Gyde
Brody,Muschette
Yovonnda,Woolrich
Mufinella,Hurworth
Tonye,Loody
Koral,McIlwrath
Betsy,Ramelot
Alexio,Rubinek
Vera,Grass
Willdon,Landor
Trueman,Peterson
Nita,Tasker
Casandra,Ferreiro
Merrielle,Grandison
Sibylle,Calleja
Paulie,Harpin
Mable,Uzielli
Vale,Halshaw
Loy,Garrity
Mabel,Whife
Lilly,Curro
Ranee,Bigby
Marten,Ducarne
Chelsy,Rizzetti
Steffie,Foakes
Jana,Vasiliu
Sergent,Sperski
Hill,Newbegin
Tildi,Sanney
Egor,Bisacre
Marietta,Lawling
Kial,Sheryne
Thorin,Aylmer
Sinclair,Odhams
Marti,Dukes
Alick,Kelmere
Woodman,Steuhlmeyer
Barde,Gerssam
Briana,Springle
Kay,Downey
Allan,Mont
Trix,Godilington
Minette,Plett
Glyn,Costock
Angel,Gotthard.sf
Tabbatha,Flemyng
Chelsae,Bromont
Cairistiona,Dishman
Garfield,Culp
Terri-jo,Rookesby
Livia,Sparway
Zedekiah,Biskupiak
Lorita,Whales
Talyah,Antonietti
Bret,Woolen
Petronilla,Petrina
Gun,Stainer
Gabbi,Lineham
Elfie,Pinching
Josselyn,Fenlon
Elysha,Frankland
Kassia,Costanza
Vinny,Leverage
Kennan,Sextie
Violetta,Watterson
Romain,Burrow
Farand,Tailby
Eduardo,Yo
Roda,Mannering
Rosemarie,Casella
Hanan,Batson
Foss,Sprull
Dina,de Wilde
Levey,Vala
Puff,Tayspell
Angele,Fowden
Glennie,Ferenczi
Lonnie,Fenn
Remington,Cockrem
Jess,Laurisch
Gus,Glayzer
Edy,Jest
Raff,Donahue
Jessica,Jevons
Lettie,Kmicicki
Irvine,Mongain
Rozele,Muston
Rebecca,Devonald
Maggie,Michelmore
Nadean,Cromblehome
Hillard,Enrdigo
Clemence,Antoons
Gleda,Harflete
Nye,Revie
Cherlyn,McKeevers
Sher,Sibbit
Charmian,Gruszka
Corenda,Ferrarini
Ayn,Thomassin
Eddi,Penkman
Desiri,Benezeit
Trula,By
Allen,Lade
Diena,Yosifov
Aurelea,Saffer
Madelina,Landsman
Roobbie,Gladman
Celina,Acreman
Ashley,Shilladay
Retha,Trussell
Camala,Barde
Riordan,Husbands
Johannah,Pooley
Troy,Saw
Elihu,Pinfold
Junina,Eustice
Lamond,Cockney
Dougie,Heller
Nobe,Colleymore
Ariela,McGougan
Perri,Smithend
Tiphani,Shackesby
Shayne,Mose
Randal,Aleveque
Pen,Elgey
Calhoun,Sisnett
Kristoforo,Rodolf
Madel,Steeples
Dannel,Haslam
Temple,Garmey
Willard,Macer
Goldia,McLaren
Gradey,McCusker
Melba,Ninnis
Art,Mellor
Nell,Charette
Robin,De-Ville
Hernando,Langlands
Demott,Beves
Antoni,Madgin
Helen,Hearons
Dana,Mac Giany
Shani,MacIver
Jonis,Lethbrig
Nyssa,Milsap
Harlin,Borer
Billi,McKue
Audi,Plaister
Korney,Hick
Carita,Bikker
Analise,Samuels
Bradford,Le Quesne
Berta,Krugmann
Dominique,Barber
Brod,Dahill
Leisha,Siddele
Rockey,Gibbieson
Traver,Buney
Vittorio,Usherwood
Dorisa,Westney
Anatollo,Keddey
Elfreda,Cloughton
Edna,Hinckesman
Tanya,Antill
Ancell,Kienl
Kristine,Searchfield
Ferdy,Mehew
Alyssa,Napthine
Nissa,Housley
Bibbie,Hasson
Kincaid,Pautard
Sigismondo,Gasparro
Rowland,Carreyette
Shena,Tritton
Jeromy,Ludwell
Edmon,Folcarelli
Jemmie,Gledhall
Angelo,Grabeham
Sherilyn,Kenworth
Donnell,Neames
Chico,Brunning
Mirilla,Boas
Wallis,Dight
Errol,Astill
Kerk,Castagnier
Dolf,Gaule
Dael,Danis
Delmar,Elegood
Leese,Rountree
Gerard,Guerreiro
Emanuele,Pope
Dominga,Pelos
Flin,Berry
Jdavie,Lefeaver
Giraldo,Muslim
Booth,McCrohon
Colette,Wardle
Sigismondo,Lammas
Carr,Renfrew
Hadria,Marians
Kassie,Legat
Shannah,Crayk
Mollee,Paradyce
Austin,Hoodlass
Harvey,Verrick
Faun,Allitt
Leoline,Maestrini
Mufi,Folke
Yalonda,Coverly
Joni,Cottam
Lorettalorna,Tetley
Guglielma,Le Batteur
Ian,Sheivels
Julienne,Betun
Karry,Parmby
Syd,Peers
Dael,Barendtsen
Ban,Babidge
Morgan,Oneile
Boycey,Priddy
Rurik,Klima
Brandon,Huccaby
Bertie,Sallinger
Aldis,Bazoge
Talbot,Dummett
Opalina,Norway
Else,Slemmonds
Cherin,Heifer
Constanta,Haslum
Weider,Alldread
Melodie,Limpertz
Sherill,Murrhardt
Kelli,Tschiersch
Olly,Southan
Sawyere,Heake
Andie,Ridd
Monroe,Cousens
Chaddy,Vanetti
Giovanna,Tolson
Whitaker,Monier
Kaila,Lake
Guillaume,Lamba
Alphonse,Boyall
Gasparo,Fonteyne
Starr,Cripin
Shandeigh,Marchent
Cecilius,Pickaver
Sampson,Chillistone
Syman,Pattenden
Gisella,Mallabund
Ardith,Chalker
Sasha,Letixier
Julian,Millson
Camile,Siveter
Gennie,Lorenzetto
Robbi,Nitti
Cristi,Conkie
Duffie,Madeley
Leonelle,Konert
Corrina,Boone
Booth,Elphinstone
Dedie,Paty
Millie,Lilbourne
Constantine,Fadden
Rochester,Condon
Uri,Mattea
Kevyn,Capsey
Obadiah,Lorinez
Vern,Gloves
Itch,Danson
Debbi,MacCorley
Catherin,Connar
Markos,Leal
Constantine,Vlasenko
Alaster,Sawkins
West,Jamrowicz
Lincoln,Ivancevic
Hillard,Dolbey
Neil,Manssuer
Giffy,Wrathall
Walker,MacKimmie
Ilario,Guerin
Sheffie,Grewes
Darelle,Deaton
Kingston,Aizkovitch
Lesly,Treen
Flinn,Rushford
Anna-maria,Marklin
Peder,Vedeshkin
Court,Haily
Thaddeus,Letford
Alina,Garritley
Isadora,Hovard
Wilhelmine,Keely
Willa,Hackforth
Aylmar,Avard
Tammy,Castellucci
Rockie,Deelay
Rasia,Caven
Gwyn,Wagon
Dasie,Delgardo
Friedrick,Sissland
Darya,Lightewood
Sergio,Gathwaite
Laurens,Dugood
Skippy,Alan
Rutledge,Pascow
Vin,Lambart
Ardra,Linning
Vanessa,Shilleto
Oswell,Gonnelly
Jeth,Cosin
Onida,Toplis
Damiano,Diaper
Dynah,Peachey
Loydie,Napoli
Kristel,Stoneley
Annalee,Willshaw
Libbie,Earey
Antone,Bartle
Vonni,Danieli
Rogers,Harragin
Atlanta,Cesco
Andreana,Wolstenholme
Corey,Ruddom
Shandie,Dominiak
Norbert,Salsbury
Catrina,Koppeck
Sonni,Wesgate
Inger,Hirche
Valene,Brothwell
Diana,Fielding
Briggs,Eslie
Gordon,Melendez
Pasquale,Hynard
Clementia,Corsor
Chicky,Hartopp
Garnette,Rodda
Bron,Mea
Chery,Osmant
Sybille,Mason
Ewan,Yankin
Page,Winfield
Kiley,Froom
Frederigo,McQuilty
Kipper,Shew
Millard,Pideon
Carline,Skeen
Osbourn,Donaldson
Borden,Meir
Kenyon,Pinfold
Cece,Trimmell
Skip,Bowich
Elisha,Wildbore
Guthrie,Beckhouse
Ford,Antosch
Willamina,Graalman
Kim,Betchley
Sondra,Bottoner
Mabelle,Mazella
Jamie,Ofield
Antoine,Fontell
Kendre,Lanbertoni
Dimitry,Bwy
Barbette,Hanscombe
Delcina,D'Oyley
Gilburt,Durward
Brnaby,Dalinder
Allayne,Copley
Hall,Willerstone
Giffy,Lanfranconi
Jacky,Kimberley
Dev,Offen
Arabele,Turnbull
Orran,Vlasin
Aubry,Mapledorum
Flinn,Hanhart
Emilee,Meys
Meir,Holsall
Odilia,Domoni
Olwen,Andersson
Sherlocke,Jarlmann
Ingaborg,Marian
Ilsa,Crinage
Jeanette,Heintsch
Osgood,Buss
Amaleta,Ronisch
Shandra,Stillman
Marleah,Paige
Clifford,Ronan
Gwenette,Gregoire
Rufe,Bessell
Barbara-anne,Lorrie
Garland,Daftor
Sandor,Salway
Salmon,Nardoni
Talia,Stouther
Belva,Pittendreigh
Rana,Dilworth
Dolph,Sackler
Sergei,Rhymer
Gibby,Joubert
Bobette,Plumley
Lyn,Sommerton
Wilek,Renshaw
Jasen,Dowderswell
Pedro,Dwire
Audrey,Wabersich
Marin,Kabos
Devy,Leads
Adrianna,Tapin
Etty,Guirardin
Filippa,Szymanzyk
Ody,Obert
Fianna,Antley
Shina,Burtonwood
Vanna,Zorzi
Adena,Gobell
Kari,Kirkpatrick
Elianora,Birkhead
Maris,Rey
Ferdinand,Coopper
Jorrie,Preuvost
Nisse,Boor
Kelley,Gearty
Sharline,Eles
Zahara,Lackemann
Michelina,Oglethorpe
Brandi,Rosenfrucht
Janaye,Avraam
Marve,Robbey
Nicoline,Hune
Nathalia,Wisdom
Dilly,McGloin
Ameline,Bingham
Phineas,Sebley
Cal,Widocks
Bobbe,Doubleday
Micheline,Duguid
Zoe,Smurfit
Merwin,McKeaney
Melessa,Trever
Edythe,Frackiewicz
Carmelle,Gentle
Hastie,Bernardi
Donovan,Woodwind
Shel,Charlot
Germaine,Shiell
Cleavland,Pithie
Dare,Lathey
Tracy,Crangle
Claire,Colleymore
Kenny,Castard
Cristobal,McFie
Filip,Gregorace
Arny,Jaslem
Regina,Bille
Emalia,Sandeman
Nicol,Mardling
Ginny,Tschirschky
Marina,Albert
Sidonia,Cordey
Gustave,Seth
Cary,Shortin
Mano,Layzell
Mick,Bonny
Torrey,Alabaster
Cristin,McIlharga
Caryl,Farrant
Mortie,Marcoolyn
Burlie,Crich
Delia,Garratt
Julita,Cottesford
Benedicto,Fendley
Grover,Wilden
Edlin,Haughey
Jameson,Huckabe
Maryann,Schwieso
Abramo,Caruth
Nealson,Emloch
Kathryne,Petkovic
Ethel,Ludgate
Slade,Hankinson
Peirce,Billyard
Randie,Godsal
Sylvan,Tasch
Shandee,Southby
Corina,Abbots
Monti,Spenley
Zoe,Defries
Toiboid,Wightman
Haley,Begin
Celestyna,Habbin
Tades,Lanphier
Dorella,Adel
Clayborne,BURWIN
Paten,Meiklam
Loria,Karby
Rina,Faughey
Karoline,O'Cahsedy
Basilius,Borgne
Kinsley,Tryhorn
Tierney,Pinkard
Sherlock,Creek
Gerardo,O'Hara
Bettina,Stilgoe
Dickie,Niemetz
Clarine,Shawl
Colline,Farnfield
Nicky,Tebbutt
Amalia,Forder
Archibald,Dainton
Nilson,Tine
Paige,Wadeling
Halsy,Fulmen
Martino,Coch
Zaria,Sabin
Debra,Favill
Lynette,Knowler
Salaidh,Comizzoli
Dario,Kos
Lelia,Burnard
Teodorico,Han
Terrell,Clemmitt
Cristionna,Tollett
Norry,Butt Gow
Kailey,Landeg
Bentlee,Knellen
Taber,Vala
Nissa,Road
Phillipp,Caesmans
Auria,Axtens
Wilma,Bruntjen
Ulrikaumeko,Wetherburn
Farlie,Burgoine
Tyson,Hardiman
Barbi,Wadham
Patrick,Rego
Ingram,Gircke
Corie,McCarly
Alf,Cuvley
Ced,Finding
Bobbee,Boyde
Clarance,Tallon
Gordon,Jakubovics
Clementia,Medeway
Hirsch,Deddum
Ynez,Jackson
Osborne,Nind
Ludovico,Dowbiggin
Keven,Dawidman
Umberto,Allberry
Cherise,Laffin
Jojo,Skillman
Pincus,Thoresbie
Jenelle,Laborda
Chandra,Payton
Janeczka,Itzkin
Vannie,Coles
Sallyanne,Matityahu
Cordelie,Stokoe
Winfred,Ferrara
Vanya,Cuesta
Brittney,Gorke
Hendrika,Rosenbaum
Giorgia,Menhci
Boyce,Clitherow
Hinze,Saing
Dede,Melwall
Liza,Kettley
Edin,Van der Velden
Constancy,Simionescu
Skipper,Lethley
Lulu,McQueen
Laurie,Worsham
Gasper,Morstatt
Nikita,Haylor
Virgilio,Rickeard
Wilton,Mewitt
Audrie,Riceards
Lazar,Whatmough
Oliy,Noblett
Dominique,Frail
Carmelita,Condit
Danyette,Warrier
Kennith,Rouge
Vida,Hardacre
Rena,Greenig
Barbee,Fellgatt
Kattie,Norcliffe
Culver,Thornton-Dewhirst
Sherri,Jovey
Klara,Wardington
Sonnie,Vannacci
Gisele,Dyball
Steven,Chill
Wendell,Grealey
Jermayne,Fraczkiewicz
Evey,Jakubczyk
Christian,Mix
Missie,Halkyard
Joyann,Danielsohn
Beilul,I'anson
Tabina,Willatt
Minnie,Bottjer
Barbara-anne,Staner
Deb,Saddleton
Kassi,Lamonby
Danny,Hunting
Gretchen,Hallad
Ula,Lightbown
Zonnya,Nicholls
Efren,Saill
Abey,Addams
Leann,Guilliatt
Jessie,Siveter
Mikaela,Jochens
Meir,Cuseick
Teodora,Clurow
Carita,Bownde
Arlan,Emeline
Dorey,Conner
Jeremiah,Jendrich
Steward,Shimmings
Valera,Croan
Henderson,Thurling
Taffy,Daish
Norris,Buyers
Garth,Morford
Wrennie,Piscopello
Si,Beaston
Kennedy,Dolton
Boy,Guinane
Thia,Hirth
Naomi,Neissen
Fred,Mertin
Davy,Ricold
Byrann,Ormston
Siffre,Jahns
Tove,Richens
Ginnifer,Tock
Georgetta,Cade
Fredrick,Boribal
Olivier,Hutten
Ddene,Senescall
Tanhya,Stayt
Minnie,Langcaster
Merell,Sessuns
Grier,Rikel
Cirillo,Northcliffe
Maud,Waugh
Candi,Smelley
Elna,Stathers
Ronna,Caller
Vera,Elsmore
Gideon,Sharvill
Tymothy,Tomkinson
Annette,Shearmur
Geralda,Poundford
Reinald,Eilhermann
Russ,Darke
Shir,Attwell
Shurwood,Jewitt
Bianka,Kener
Michell,Lefeaver
Kary,Harby
Benedicto,Brownett
Danika,Charrett
Albertine,Iacobucci
Eileen,Sandcroft
Whitby,O'Carney
Conan,Kempster
Packston,Brack
Steward,Beminster
John,Dadge
Sheilah,Smithe
Darrelle,Bedminster
Drugi,Fliege
Pammi,Wyborn
Kevina,Beevor
Petunia,Di Lucia
Simmonds,Blakelock
Ardella,Kensy
Lovell,Issitt
Chas,Cuttelar
Trisha,Godsell
Misty,Habens
Sabra,Schoffler
Roxana,Cisneros
Ozzie,Blakeslee
Ealasaid,Brabban
Teressa,Moreinis
Keefer,Philot
Haleigh,Fairlamb
Ansel,Cardis
Wynny,Gerckens
Millisent,Effaunt
Vernice,Crosfield
Fran,Handaside
Elnar,Shiril
Ken,Horley
Howard,Lewins
Bert,Byllam
Balduin,Paddell
Gil,Rome
Burch,Hubbock
Mathew,Bredes
Ingram,Hurnell
Allissa,Philp
Willow,Klaves
Katleen,Woller
Charlotta,Bagnal
Ferrell,Wrotchford
Berna,Storm
Vittorio,Borrington
Aloysius,ducarme
Ricky,Stonebanks
Jen,Gabala
Sky,Scrafton
Kinsley,Hanbridge
Willard,Honisch
Harmonie,Jiroutek
Anallise,Butterick
Reine,Paylie
Hale,Sturman
Ramsey,Kinnock
Grant,Tulk
Rosina,Harroll
Stewart,Spick
Forester,Gerrit
Addi,Attenborrow
Maryrose,Sherland
Ediva,Munnion
Duffie,Yellowlee
Rina,Almeida
Valene,Overpool
Clarke,Ducker
Joelly,Perham
Abigail,Payley
Wileen,Smitham
Orsola,Campbell-Dunlop
Layney,Gasnoll
Roxanna,Alison
Gabbie,Salvin
Sigismundo,Kettles
Jermaine,Maden
Yehudi,Haselhurst
Marie,Circuit
Risa,Wrightam
Retha,Gook
Abagail,Benettelli
Joachim,Smallshaw
Maxy,Keming
Arlen,Greatreax
Audie,Laytham
Cindi,Peatman
Michaelina,Fortoun
Kerby,Mitcheson
Torrance,Youll
Brittne,Soans
Julita,D' Angelo
Noll,Cristofalo
Micki,Pattie
Maury,Wansbury
Hedwiga,Risborough
Ciro,Hurler
Carol,Ivantsov
Mort,Parkman
Hermon,Keith
Stearne,Jirsa
Karly,Raiman
Doug,Chadburn
Pammie,Renol
Sisely,Ducket
Giraldo,Josskowitz
Eal,Banbrigge
Milo,Acreman
Lynna,Hender
Eustace,Sproul
Huberto,Halbert
Tabby,Peagrim
Pattie,Lutz
Claudetta,Simeons
Betteann,Niesegen
Cathi,Farnie
Merrick,Denisevich
Lev,Spatarul
Dennie,Carrack
Roderick,Soares
Archy,Phinnis
Packston,Tiffany
Ebony,Habergham
Ulysses,Inder
Ingelbert,Rapin
Cornie,Letherbury
Hiram,Jovis
Jeane,Sedwick
Karolina,Richmond
Morgen,Pordall
Granger,Winscom
Fletch,Eastridge
Rozanna,Pidler
Travers,Kurton
Deena,Warhurst
Brant,Kenan
Wat,Creer
Alard,Boord
Elliot,Rittelmeyer
Cody,Binney
Lockwood,Bateup
Vernen,Crennan
Carlotta,Ciobutaru
Nan,Harlin
Kariotta,Firth
Locke,Summersett
Arnold,Korb
Aaren,Genders
Allie,Bumby
Bennie,Maddrell
Christean,Yeskin
Lil,Zollner
Cristabel,Leese
Arda,Fillimore
Monica,Buncher
Rosalie,Jarville
Vincenty,Buzek
Melva,Norcock
Golda,Royans
Mattie,Kerfut
Matthias,Castella
Abdel,Berrycloth
Ottilie,Augur
Becca,Jozsika
Myriam,Nicolls
Cornelle,Dallison
Joey,Saltern
Welby,Fishe
Anthe,Bassill
Kathrine,Yearron
Zachariah,Bloxholm
Shannen,Snugg
Aleksandr,Quincey
